"nome","idade","sexo","cpf","escolaridade","data_nasc"
"Brenda Alves",32,"Outro","123.456.789-00","Ensino Médio","32/13/2000"
"Caleb Cunha","","","380.416.975-93","Doutorado",""
"Emanuel Sampaio",22,"M","123.456.789-00","Ensino Médio","1946-07-21"
"Dr. João Aparecida",89,"","","Ensino Médio",""
"Srta. Ana Clara Ribeiro",53,"F","","Graduação",""
"Léo Fogaça",37,"Outro","341.857.609-57","Ensino Fundamental",""
"Henry Rodrigues","","Outro","","","1962-02-08"
"Luara Cunha","","M","","Ensino Fundamental",""
"Maria Liz Fonseca","","F","327.065.184-80","Ensino Fundamental","32/13/2000"
"Ana Luiza Gomes",55,"F","674.805.231-90","Mestrado",""
"Pedro Henrique Castro","","Outro","123.456.789-00","Graduação",""
"Fernanda Cassiano","","Outro","520.483.761-26","Doutorado","32/13/2000"
"Benjamin da Costa","","F","123.456.789-00","Mestrado",""
"Vinícius Pereira","","","123.456.789-00","",""
"Henry Gabriel Azevedo",25,"M","","Mestrado",""
"Arthur Gabriel Farias",26,"","","Ensino Médio",""
"Renan Jesus","","","123.456.789-00","Graduação","32/13/2000"
"Beatriz Araújo","","","","",""
"Ravi da Cruz","","F","123.456.789-00","Doutorado",""
"Raquel Mendes",29,"M","123.456.789-00","","32/13/2000"
"Raquel Cassiano","","M","","Mestrado",""
"Rhavi Montenegro","","","820.471.593-50","","1965-05-27"
"Bárbara Nunes","","Outro","301.954.278-23","Graduação",""
"João Gonçalves","","M","","Doutorado","32/13/2000"
"Hadassa Montenegro",82,"Outro","123.456.789-00","Ensino Médio",""
"Vitória Albuquerque","","","841.720.953-05","Doutorado",""
"Gustavo Henrique Silva",80,"M","","",""
"Alexandre Farias",48,"F","249.538.670-92","Ensino Fundamental",""
"Dom Nogueira","","F","123.456.789-00","",""
"Josué Rios",88,"Outro","","Ensino Médio","32/13/2000"
"Felipe Sousa","","Outro","","Doutorado",""
"Raul Ferreira",33,"F","438.051.792-60","Graduação","1942-11-02"
"Luiz Fernando Ramos",88,"","123.456.789-00","Ensino Fundamental","1938-08-06"
"Pedro Henrique Ferreira",25,"M","561.347.209-25","",""
"Zoe Rodrigues","","F","","",""
"Luana Rios","","F","","Ensino Médio",""
"Emanuella Pimenta",70,"M","946.802.751-11","",""
"Melina Macedo","","","","","1946-02-06"
"Leonardo Câmara",30,"","","","1959-11-08"
"Dra. Maria Isis Monteiro",49,"F","","Ensino Médio",""
"Dra. Nicole Aragão","","","123.456.789-00","","1994-01-29"
"Renan Machado","","M","439.678.152-00","","1943-12-08"
"Sra. Isabela da Mata",29,"F","","Mestrado",""
"Oliver Jesus","","M","123.456.789-00","Mestrado","1985-02-27"
"Alana Fogaça","","","","Mestrado",""
"Raquel Alves",37,"Outro","123.456.789-00","Ensino Fundamental","1987-01-06"
"Amanda Barros",58,"M","","Doutorado","32/13/2000"
"Dr. Mateus da Mota","","M","123.456.789-00","Ensino Fundamental","1942-09-24"
"Ana Cecília Sá","","M","123.456.789-00","Doutorado","1997-11-03"
"Bruna Nunes","","","","Graduação","32/13/2000"
"Amanda das Neves",58,"Outro","","Ensino Médio",""
"Ana Cecília Ferreira","","M","865.042.917-30","Mestrado","1947-10-03"
"Maria Cecília Porto","","F","","Ensino Médio",""
"Juliana Duarte",26,"Outro","","Ensino Médio",""
"Sr. Ryan Cunha","","Outro","549.286.073-92","",""
"Nicolas Mendonça",31,"Outro","837.569.402-92","Ensino Fundamental","32/13/2000"
"Nathan Sales","","","123.456.789-00","",""
"Sra. Júlia das Neves","","Outro","","Graduação","1959-06-17"
"Rodrigo da Mota","","","","Ensino Fundamental","1974-07-12"
"Vitor Cardoso",60,"Outro","123.456.789-00","",""
"Pietra Macedo","","","520.837.416-17","Ensino Fundamental","1943-06-22"
"Ana Júlia Cassiano","","M","","Doutorado","32/13/2000"
"Milena Macedo",73,"M","","Graduação","1969-05-29"
"Anna Liz Castro",63,"F","321.709.486-78","Graduação",""
"Igor da Paz",37,"F","123.456.789-00","Mestrado","1963-12-27"
"Clarice da Mata","","Outro","","","32/13/2000"
"Sra. Maria Luiza da Mata",52,"M","","","1967-06-19"
"Caleb da Conceição",78,"F","","Graduação",""
"Pedro Henrique Porto",47,"M","123.456.789-00","Mestrado",""
"Dr. Thales da Paz",53,"Outro","","",""
"Agatha Ribeiro","","M","876.014.235-90","Graduação","32/13/2000"
"Gustavo da Mata",51,"M","","Graduação",""
"Yuri Albuquerque","","","861.703.524-26","Mestrado","32/13/2000"
"Sra. Sophia Santos",50,"","467.318.590-01","Doutorado","32/13/2000"
"Srta. Ana Lívia da Mota","","M","","Doutorado",""
"Zoe Mendes","","Outro","","",""
"Ana Clara Dias","","Outro","123.456.789-00","Ensino Médio",""
"Luísa Brito","","F","","Mestrado","1943-07-29"
"Julia Fernandes","","F","","",""
"Ana Lívia da Costa","","","123.456.789-00","Doutorado",""
"Luan Vieira","","M","","Doutorado",""
"Erick Barros",29,"Outro","123.456.789-00","","32/13/2000"
"Anthony Martins",36,"M","123.456.789-00","Mestrado","1967-06-06"
"Liz Costa","","","123.456.789-00","",""
"Miguel da Mota","","F","123.456.789-00","","1967-07-02"
"Cecilia Pires","","F","123.456.789-00","",""
"Luan Souza","","F","623.148.509-98","Mestrado","32/13/2000"
"Lucca Camargo","","","","",""
"Vitor Gabriel Campos","","","","Ensino Médio",""
"Luan Pimenta","","F","","",""
"Thales Camargo","","","132.867.540-80","",""
"Beatriz Mendonça","","Outro","","Doutorado","1965-07-11"
"Sr. Léo Nogueira",35,"F","","","32/13/2000"
"Lucas Gabriel da Cruz",45,"","","Graduação",""
"Agatha da Mota",71,"F","","Mestrado","1982-02-23"
"Lorenzo Almeida","","M","","Graduação",""
"Maria Cecília Moraes","","","123.456.789-00","Mestrado","32/13/2000"
"Ana Araújo","","","768.503.492-10","Mestrado",""
"Clara Azevedo","","F","","Ensino Médio","1946-11-21"
"Srta. Helena Lopes","","","736.285.490-00","Ensino Fundamental",""
"Luara Rios","","F","452.830.967-00","Graduação",""
"Marcelo Cardoso",59,"","","Graduação",""
"Leonardo Fogaça","","Outro","183.957.604-93","Mestrado","1983-06-01"
"João Lucas Oliveira",87,"Outro","123.456.789-00","","1975-06-11"
"Dr. André Cirino",23,"F","123.456.789-00","","1984-08-03"
"Mirella Fernandes",37,"F","","","1954-10-24"
"Ana Julia Rocha",90,"","","",""
"Bruna Ferreira","","","614.597.328-55","","32/13/2000"
"Miguel Peixoto",57,"","093.215.647-99","Graduação",""
"Theo Souza","","F","628.341.705-17","Doutorado","32/13/2000"
"Allana Marques","","Outro","156.438.209-51","","1936-03-24"
"Sr. Raul Sales","","","","Ensino Fundamental",""
"Miguel das Neves","","","539.610.428-70","Mestrado",""
"Sr. Isaac Caldeira","","F","","Ensino Médio",""
"Melissa Rodrigues","","","","",""
"Ana Laura Fogaça",59,"M","","Mestrado","32/13/2000"
"Ayla Pimenta","","","","Graduação","1977-02-24"
"Olívia Montenegro","","F","","Ensino Médio",""
"Valentina Moreira","","Outro","","Doutorado","1978-12-08"
"Lucas Brito",84,"M","123.456.789-00","",""
"Dr. Matteo Cardoso","","F","","",""
"Maria Cecília Almeida",75,"M","","Ensino Médio",""
"Juan Viana","","","","Mestrado",""
"Fernando Sales","","","","Graduação",""
"Vitor da Costa","","Outro","123.456.789-00","Ensino Fundamental","32/13/2000"
"Vitória Leão",58,"","123.456.789-00","Ensino Médio","32/13/2000"
"João Miguel Barros","","","","Ensino Fundamental","32/13/2000"
"Oliver Aragão",55,"Outro","123.456.789-00","Graduação","1976-10-05"
"Lucas Gabriel Vieira",86,"Outro","290.831.547-50","Ensino Fundamental",""
"José Miguel Cunha","","","286.091.573-77","","1965-11-03"
"Natália Azevedo","","","","Graduação","32/13/2000"
"Agatha Pimenta","","","536.190.248-98","","1986-07-13"
"Ana Clara Porto","","M","654.802.913-51","Ensino Médio","32/13/2000"
"Lívia Carvalho","","M","123.456.789-00","Ensino Fundamental",""
"Benício Silva","","","","Mestrado",""
"Ísis Melo","","","403.268.519-33","Doutorado","1983-06-24"
"Maria Liz Souza","","F","","","1944-08-19"
"Sra. Anna Liz Lopes",38,"F","924.805.631-89","Ensino Médio","1975-02-07"
"Mariane Cavalcante","","","","Graduação","1943-08-09"
"Maria Luiza Fonseca","","Outro","","Ensino Fundamental","32/13/2000"
"Maria Clara Fonseca","","","123.456.789-00","Mestrado","1952-02-17"
"Maria Clara Gonçalves",87,"F","","","32/13/2000"
"José Pedro Santos",27,"F","","Doutorado",""
"Pedro Miguel Borges",74,"","","",""
"Heloisa Campos","","","","Mestrado","1997-01-01"
"Caroline Pimenta","","Outro","","Ensino Fundamental","1950-06-13"
"Sr. Rael Martins","","","852.649.103-24","",""
"Davi Moreira",23,"","","Graduação","32/13/2000"
"Gael Henrique Porto","","","842.579.063-83","Mestrado",""
"Lucca Nunes","","Outro","091.854.236-70","","32/13/2000"
"Ana Monteiro","","","","",""
"Pedro Lucas Leão",88,"","793.241.685-09","Graduação",""
"Caroline Teixeira",59,"","581.273.096-21","",""
"Calebe Aragão",70,"F","","Doutorado",""
"Nina Monteiro",74,"F","","Doutorado","32/13/2000"
"Benicio da Paz","","","794.805.361-10","Ensino Fundamental","32/13/2000"
"Maria Clara Aparecida","","","603.249.815-89","Doutorado",""
"Bárbara Cardoso",29,"M","","Ensino Fundamental","32/13/2000"
"Sarah Aparecida","","Outro","","Mestrado",""
"Luiza Castro",78,"","123.456.789-00","Mestrado","32/13/2000"
"Léo Farias","","F","164.850.397-75","Graduação",""
"Pietra Cavalcante","","Outro","862.951.073-03","Graduação",""
"Pedro Lucas Dias",80,"","","Graduação",""
"Giovanna Novais","","","","Graduação","32/13/2000"
"Rafaela Correia","","","123.456.789-00","",""
"Marcela Novais","","","","Mestrado","32/13/2000"
"Asafe da Paz",81,"F","","","1970-05-11"
"Cauê Pimenta",74,"","","Ensino Fundamental","32/13/2000"
"Noah Farias","","F","712.048.395-14","Mestrado",""
"Gabriela Sá","","","459.806.127-85","",""
"Emanuelly Andrade","","Outro","","","1978-12-28"
"Rafael Ramos",26,"Outro","123.456.789-00","","1978-05-25"
"Raul Ramos",73,"M","","Ensino Médio",""
"Lunna Borges",21,"Outro","612.837.905-21","Graduação",""
"Pietro Sá","","F","123.456.789-00","Doutorado",""
"Dante Martins","","F","123.456.789-00","Ensino Médio","1983-05-31"
"Hellena Câmara","","F","","Doutorado","32/13/2000"
"Bruno Moura","","Outro","","Graduação","1953-10-14"
"Luan Moreira","","","123.456.789-00","Ensino Fundamental",""
"Caroline Moraes","","Outro","","",""
"Srta. Ana Sophia Aparecida","","F","","",""
"Davi Luiz Vargas",31,"","","Doutorado",""
"Felipe Nascimento",55,"","","Ensino Fundamental","1991-02-11"
"Maria Helena da Conceição","","F","","Ensino Médio","32/13/2000"
"Gustavo Azevedo","","F","107.458.926-20","","1988-02-20"
"Isabel Nogueira","","M","","","32/13/2000"
"Diego Ribeiro","","Outro","","Ensino Médio","32/13/2000"
"Luiz Felipe Ramos","","Outro","","","32/13/2000"
"Olívia da Costa","","Outro","","","1986-04-03"
"José Miguel Costela",77,"F","123.456.789-00","",""
"Ana Cecília Barbosa","","M","","Ensino Fundamental",""
"Srta. Pietra da Cruz",86,"","","",""
"Maria Alice das Neves","","Outro","457.306.281-53","","32/13/2000"
"Ana Clara Nunes",78,"","","Doutorado","32/13/2000"
"Sr. Mateus Nunes","","","","",""
"Yago Mendonça",32,"M","280.475.631-90","Graduação",""
"Isabel Azevedo",32,"F","123.456.789-00","Mestrado",""
"André Nascimento","","","","Doutorado","32/13/2000"
"Calebe Moura","","M","","Doutorado",""
"Dr. Raul Nunes",53,"Outro","123.456.789-00","Mestrado",""
"Olívia Araújo","","M","","Doutorado",""
"Renan da Mata","","Outro","123.456.789-00","Ensino Fundamental",""
"Cecília Sá","","F","614.879.325-37","Ensino Fundamental",""
"Srta. Anna Liz Montenegro",49,"","123.456.789-00","Ensino Fundamental","32/13/2000"
"João Gabriel Viana",45,"Outro","123.456.789-00","","1945-01-19"
"Laís da Cruz",53,"F","","","32/13/2000"
"André das Neves","","M","123.456.789-00","Ensino Fundamental",""
"Bella Alves","","Outro","159.462.307-43","Ensino Médio",""
"Antonella Silveira",24,"","832.591.467-09","","1969-12-02"
"Clara Azevedo","","Outro","264.398.015-89","Mestrado","32/13/2000"
"Dra. Sabrina Peixoto","","","","Mestrado","1985-02-03"
"Dr. Lucas Gabriel Lopes","","","","","1987-08-04"
"Dr. Samuel Oliveira","","","356.297.048-00","Ensino Fundamental",""
"Amanda Siqueira",36,"F","","Doutorado",""
"Liz da Costa","","","","Mestrado",""
"Sofia Sales","","M","123.456.789-00","Mestrado",""
"Augusto Nunes","","Outro","","Mestrado",""
"Dr. Ravi Vargas","","","","",""
"Diego Ferreira",65,"","457.619.382-19","Ensino Fundamental","1946-09-04"
"Milena Dias","","M","","","32/13/2000"
"Srta. Stella Cavalcanti",89,"","","","1958-10-04"
"Marina Gonçalves","","","037.485.926-47","Graduação",""
"Benício Oliveira",63,"","123.456.789-00","Ensino Médio",""
"Luara Peixoto",46,"Outro","","Ensino Fundamental",""
"Catarina Dias","","","134.092.578-88","Doutorado",""
"Cecilia Oliveira",21,"Outro","","Graduação",""
"Davi Miguel Cirino",18,"F","","Ensino Fundamental","32/13/2000"
"Sofia Rezende",21,"","123.456.789-00","Mestrado",""
"João Vitor Andrade","","F","","Graduação",""
"Yago Fonseca","","M","807.413.926-31","Ensino Médio","32/13/2000"
"Rael da Luz","","M","","Mestrado",""
"Davi Miguel Viana","","","","Graduação","32/13/2000"
"Sra. Lavínia Oliveira",83,"Outro","","Ensino Fundamental",""
"Diogo Silva","","Outro","536.814.279-09","Ensino Médio",""
"Ana Vitória Porto",25,"F","","Ensino Médio","32/13/2000"
"Sra. Maria Alice Azevedo","","Outro","863.719.254-82","Ensino Fundamental",""
"Caroline Nunes",73,"F","","Doutorado","32/13/2000"
"Agatha Lima","","Outro","324.180.567-08","Mestrado","1983-12-31"
"Eloah Aragão",73,"","643.750.892-29","",""
"Davi Lucca Pastor","","","","Graduação","1998-05-28"
"Ian Gomes",69,"Outro","123.456.789-00","",""
"Vinícius Nunes",64,"","027.851.436-71","Ensino Médio",""
"Carlos Eduardo Carvalho","","M","","",""
"Larissa Vasconcelos",61,"Outro","123.456.789-00","Ensino Fundamental","1973-08-12"
"Ana Júlia Viana","","F","","Graduação","32/13/2000"
"Sr. Mathias Nunes",48,"F","","Ensino Médio","32/13/2000"
"Henrique Aparecida","","M","123.456.789-00","",""
"Zoe Nascimento","","","","",""
"Ana Luiza das Neves",58,"","630.178.594-01","Mestrado",""
"Emanuella Campos","","","029.138.476-50","Graduação","1950-08-31"
"Sra. Bárbara Vargas","","","056.249.738-29","Ensino Fundamental",""
"Sophia Fonseca",54,"M","","Mestrado","1964-06-23"
"Dra. Agatha Aparecida","","F","","Doutorado",""
"Lorenzo da Cruz",82,"M","","Ensino Fundamental",""
"Valentim Aparecida","","F","617.925.408-76","Ensino Médio",""
"Sr. João Vitor Nunes","","","123.456.789-00","Graduação",""
"Nicolas Alves","","","","","1975-03-30"
"Gustavo Moura",60,"Outro","367.012.894-87","Doutorado",""
"Maria Fernanda Marques","","","123.456.789-00","Graduação","1965-08-12"
"José Pedro Dias","","Outro","","Ensino Médio","1948-03-22"
"Cauê Cavalcante","","","","","32/13/2000"
"Julia Campos",85,"","","Ensino Fundamental",""
"Josué Fogaça",57,"F","","",""
"Isadora Brito",42,"F","123.456.789-00","Ensino Fundamental",""
"Sr. José Pedro Barbosa","","","013.578.946-00","",""
"Ana Julia Cavalcante","","","123.456.789-00","Ensino Médio","32/13/2000"
"João Guilherme da Mota","","","720.465.183-90","Mestrado",""
"Pietra Araújo","","","","",""
"Sra. Pietra Nogueira","","F","","",""
"Benjamin Melo","","","","Mestrado",""
"Maria Julia Fogaça","","","","Ensino Médio","32/13/2000"
"Esther Monteiro","","M","","",""
"Pietra Abreu",88,"","532.791.608-12","Graduação","1953-06-29"
"Cecília Vasconcelos","","","123.456.789-00","",""
"Emanuel Siqueira",29,"","","Ensino Fundamental",""
"Juan Cardoso","","","","Ensino Médio",""
"Bella Monteiro","","F","251.798.640-11","Graduação","1979-02-01"
"Alexia da Luz",60,"F","391.260.487-87","Graduação",""
"Sra. Eloah Jesus","","","","Doutorado","1955-07-12"
"Ana Sophia Andrade",28,"Outro","123.456.789-00","","32/13/2000"
"Srta. Ayla Fernandes","","","","Ensino Fundamental",""
"Sr. Gabriel Jesus","","M","894.526.107-94","Ensino Médio",""
"Rebeca Cassiano",76,"M","","Doutorado","1936-11-22"
"Enzo Gabriel Porto","","F","123.456.789-00","Graduação",""
"Yago Gomes","","Outro","123.456.789-00","Doutorado",""
"Henry Gabriel da Mata","","M","","Ensino Fundamental","1989-09-25"
"Heloísa Novaes","","M","","Graduação",""
"Ana Beatriz Montenegro","","M","","Ensino Médio","1950-07-25"
"Otávio Barros",60,"M","","Doutorado",""
"Maria Laura Novaes","","","","","32/13/2000"
"Carlos Eduardo Caldeira",35,"","914.672.385-46","Graduação","32/13/2000"
"Olívia Andrade",23,"M","","Graduação",""
"Srta. Ana Julia Souza","","Outro","745.029.813-97","","32/13/2000"
"Davi Luiz da Rosa","","M","","Graduação","1962-02-28"
"Raquel Teixeira","","","","Mestrado",""
"Ana Cavalcanti","","","","",""
"Dr. Thiago Gonçalves","","","103.274.589-41","Mestrado","32/13/2000"
"Sr. José Pedro Souza","","Outro","140.379.852-41","Ensino Fundamental",""
"Nicolas Moraes","","","","Ensino Médio",""
"Dra. Kamilly Lima","","M","","Doutorado",""
"Thomas Ribeiro","","M","584.290.371-79","",""
"Lunna da Mota","","F","493.186.025-70","Ensino Médio",""
"Cecilia Silveira",22,"M","123.456.789-00","",""
"Sr. Vitor Porto","","","754.619.830-57","Doutorado","32/13/2000"
"José Pedro Silveira","","Outro","","","1990-08-13"
"Dr. José Pedro Pacheco","","Outro","","Graduação",""
"Mateus Moura",49,"M","123.456.789-00","Mestrado",""
"Levi Silva",89,"Outro","","",""
"Kamilly Costela","","Outro","","Ensino Médio","1988-04-16"
"Pietra Gomes",35,"","123.456.789-00","",""
"Alana Pires","","Outro","","","1956-02-14"
"Augusto da Rosa","","Outro","","","32/13/2000"
"Nathan Almeida","","","123.456.789-00","Ensino Fundamental","32/13/2000"
"Jade Vargas",35,"","809.576.423-00","Graduação",""
"Maria Helena Campos","","F","847.516.092-11","Ensino Fundamental",""
"Stephany da Mata","","","","",""
"Fernanda Pereira",27,"Outro","349.257.608-74","Mestrado",""
"Rodrigo Farias","","F","123.456.789-00","","32/13/2000"
"Carlos Eduardo da Cunha","","M","374.290.856-10","Doutorado","32/13/2000"
"Dr. Paulo Sousa",56,"F","","","32/13/2000"
"Srta. Maria Fernanda Fernandes","","Outro","216.379.548-91","Graduação","32/13/2000"
"Eloah Camargo","","F","","Doutorado","1958-01-22"
"Maria Helena Vasconcelos","","F","123.456.789-00","Ensino Médio",""
"Levi Albuquerque",90,"M","835.467.019-84","Ensino Fundamental",""
"Dr. Dom Novais","","","908.514.367-57","Mestrado",""
"Luna da Costa","","F","","Graduação",""
"Melina Oliveira","","M","123.456.789-00","Mestrado",""
"Maria Sophia Andrade","","F","","Doutorado","32/13/2000"
"Dr. Benjamim Câmara","","Outro","","Mestrado","32/13/2000"
"Luigi Fogaça","","","485.706.139-20","Graduação","32/13/2000"
"José Miguel Pimenta",77,"Outro","","Ensino Médio","32/13/2000"
"Ana Clara Porto",30,"Outro","","",""
"Srta. Marina Pacheco",49,"Outro","","Ensino Médio","32/13/2000"
"Maria Isis Leão","","","","Graduação",""
"Sophie da Rosa",20,"","","Ensino Médio","32/13/2000"
"Dra. Emanuelly Montenegro",63,"M","","Mestrado",""
"Otávio Albuquerque","","M","810.397.465-00","Mestrado","32/13/2000"
"José Casa Grande","","Outro","","Graduação","1963-12-02"
"Dra. Maria Julia da Costa",69,"","123.456.789-00","Graduação",""
"Sra. Gabriela Pinto","","","","",""
"Emanuelly Rodrigues",33,"M","","Graduação",""
"Julia Cardoso","","F","123.456.789-00","Doutorado",""
"Liz Mendonça",82,"M","985.072.164-20","Ensino Médio",""
"Oliver Nogueira","","","123.456.789-00","Doutorado","32/13/2000"
"Vinícius Melo","","Outro","123.456.789-00","Mestrado",""
"Luna Garcia","","","","",""
"Melissa Mendonça",78,"Outro","","","1942-04-20"
"Heitor Rodrigues","","Outro","613.457.029-06","Doutorado",""
"Luísa Andrade","","","123.456.789-00","","1968-08-04"
"Maria Julia Machado",79,"","","Ensino Médio","32/13/2000"
"Srta. Maria Alice Montenegro","","M","123.456.789-00","Ensino Fundamental",""
"Eduarda Nascimento","","F","","","32/13/2000"
"Cecília Campos","","","","","1962-03-17"
"Sophie Casa Grande","","F","","",""
"Ana Sophia da Rocha","","Outro","123.456.789-00","Mestrado",""
"Isabela Brito","","Outro","","Ensino Médio","32/13/2000"
"Maria Clara Dias","","Outro","123.456.789-00","Graduação",""
"Luísa Mendes","","","","Mestrado",""
"Vitor Gabriel Costa","","Outro","","Ensino Fundamental",""
"Joana Nogueira","","F","","Ensino Fundamental",""
"Ayla Gonçalves","","","","",""
"Felipe Nunes",45,"","","Doutorado",""
"Sr. Asafe Rios",35,"","123.456.789-00","Ensino Médio","1947-06-10"
"Dra. Kamilly Sousa",85,"F","482.356.790-00","Ensino Fundamental",""
"Marcos Vinicius Câmara","","","865.923.470-74","","32/13/2000"
"Pedro Lucas Cavalcante","","F","","",""
"Luísa Silveira","","F","","Graduação",""
"Augusto Cardoso",25,"","123.456.789-00","Doutorado","1968-07-16"
"Valentim Guerra","","F","904.813.756-00","",""
"Cecília Vieira",81,"Outro","924.158.370-32","Ensino Fundamental",""
"Maria Isis Cardoso","","M","","Graduação",""
"Ana Carolina Viana","","","123.456.789-00","",""
"Maria Eduarda Aparecida",52,"M","","Ensino Médio",""
"José Miguel Mendes","","F","314.769.205-16","",""
"Stephany Campos","","F","123.456.789-00","Doutorado",""
"Isis da Luz","","Outro","865.423.197-19","Mestrado","1957-09-18"
"Dr. José das Neves",41,"","","Ensino Médio","1947-01-14"
"Thomas Guerra","","F","","",""
"Benício da Luz","","","351.409.627-99","Graduação",""
"Thales Macedo",48,"M","","Graduação","32/13/2000"
"Sr. Alexandre Castro","","","","","2003-11-09"
"Bernardo Borges","","","123.456.789-00","Ensino Médio","32/13/2000"
"Erick Jesus",79,"","","Mestrado",""
"Sra. Maria Flor Nunes","","F","123.456.789-00","","1968-06-24"
"Mateus Porto","","","","Ensino Fundamental","1967-03-06"
"Caleb Guerra","","","123.456.789-00","Doutorado","32/13/2000"
"Dra. Esther Monteiro","","","","Ensino Fundamental","32/13/2000"
"Cauê Campos",80,"","","","2000-05-25"
"Kamilly Mendonça",76,"","","Mestrado","1998-06-28"
"Ana Beatriz Montenegro","","Outro","562.304.819-60","Mestrado",""
"Giovanna Garcia","","F","915.246.873-91","Ensino Fundamental",""
"Ravy Pimenta","","M","592.361.874-55","Ensino Fundamental",""
"Lara Machado","","","123.456.789-00","","32/13/2000"
"Diogo Sousa","","","","",""
"José Novais",66,"","123.456.789-00","",""
"Aylla Machado",33,"","","Doutorado","32/13/2000"
"Luiz Fernando Rocha",46,"M","","Mestrado",""
"Mateus Pimenta","","F","123.456.789-00","Mestrado",""
"Enrico Fernandes","","F","358.726.914-91","Ensino Fundamental",""
"Dra. Stephany Machado",20,"F","628.901.473-04","Ensino Fundamental","1944-04-15"
"Enzo Gonçalves","","M","123.456.789-00","","1947-07-15"
"Eduardo Barros","","F","123.456.789-00","","1951-04-04"
"Eloá Alves","","Outro","123.456.789-00","",""
"Dra. Emanuelly Pastor",59,"Outro","123.456.789-00","","32/13/2000"
"Pedro Miguel das Neves","","Outro","564.120.793-43","Doutorado","32/13/2000"
"Ravy Nascimento","","","078.293.645-83","Graduação",""
"Maria Fernanda Correia","","","","Ensino Médio",""
"Otávio Pires",66,"","","Ensino Médio","32/13/2000"
"Davi Luiz da Rocha","","F","","Ensino Fundamental",""
"Benicio Nascimento","","","123.456.789-00","Mestrado","32/13/2000"
"Dom Albuquerque",50,"Outro","735.826.910-12","Mestrado",""
"Diogo Araújo","","F","461.937.852-64","Graduação",""
"Josué Gomes",23,"F","123.456.789-00","Mestrado","32/13/2000"
"Sr. Asafe Souza","","M","123.456.789-00","Ensino Médio","1963-01-12"
"Isaac Porto",79,"","123.456.789-00","Mestrado","32/13/2000"
"Renan Sales","","Outro","","Mestrado",""
"Ana Liz Araújo","","Outro","","Mestrado","1993-02-05"
"Srta. Alícia Sales","","F","","Graduação",""
"Francisco Nogueira","","F","123.456.789-00","Ensino Fundamental",""
"João Nogueira","","","","Graduação","32/13/2000"
"Maria Clara Vasconcelos","","F","","Doutorado","32/13/2000"
"Larissa Duarte","","Outro","","",""
"Cauê Mendonça","","F","","Ensino Médio","32/13/2000"
"Sr. Brayan Albuquerque","","F","371.950.268-68","Doutorado","1983-08-15"
"Srta. Juliana Moura","","M","014.987.632-78","Mestrado","32/13/2000"
"Esther Correia",47,"F","832.456.970-74","Ensino Médio",""
"Natália Sampaio",65,"","","",""
"Melina Fogaça",20,"","","Ensino Fundamental","1966-02-25"
"Ísis Cunha","","Outro","","Ensino Fundamental",""
"Allana Moreira",40,"M","123.456.789-00","Ensino Médio","32/13/2000"
"Daniela Brito","","Outro","","",""
"Kaique Borges","","","","Doutorado","32/13/2000"
"Letícia Andrade","","M","961.802.473-31","Ensino Fundamental",""
"Anthony Porto","","","","Ensino Fundamental","1954-03-29"
"Matteo Machado",39,"","","",""
"Renan Oliveira",90,"","086.293.475-38","Ensino Médio","32/13/2000"
"Fernanda Mendonça","","Outro","638.102.795-95","Ensino Fundamental",""
"Maria Sophia Lima","","M","123.456.789-00","",""
"Melina Pinto",20,"","123.456.789-00","",""
"Srta. Isabelly Pinto","","F","123.456.789-00","Doutorado",""
"Sr. Vitor Gabriel Cunha","","","123.456.789-00","","1984-08-24"
"Valentina Aparecida","","Outro","420.819.675-02","Ensino Fundamental",""
"Mathias Ribeiro",47,"Outro","","",""
"Yasmin Borges","","Outro","","Mestrado","32/13/2000"
"Maria Júlia Souza","","","","Ensino Médio",""
"Jade Gomes","","Outro","123.456.789-00","","1945-05-04"
"Sra. Stephany Rocha","","F","","","32/13/2000"
"Caroline Costela","","Outro","283.619.570-30","Ensino Fundamental","1954-11-25"
"Sr. Vitor Silveira","","Outro","","Ensino Fundamental","32/13/2000"
"Kamilly Cassiano",29,"","","Doutorado",""
"Apollo Fogaça",31,"M","","Doutorado","2000-04-10"
"Cecilia Castro","","M","","Mestrado",""
"Felipe Macedo","","","123.456.789-00","Doutorado","32/13/2000"
"Sra. Maria Júlia Pimenta",66,"F","","Graduação",""
"Maria Laura Sousa",81,"M","123.456.789-00","Mestrado",""
"João Pedro Martins","","","264.708.139-50","Graduação",""
"Dra. Brenda Cirino","","","123.456.789-00","Mestrado","1995-02-19"
"Gabriela Marques","","M","","Graduação",""
"Maria Cecília Barros","","Outro","","","32/13/2000"
"Diogo Cavalcanti","","","123.456.789-00","Mestrado",""
"Guilherme Abreu","","Outro","","",""
"Renan Marques","","","","",""
"Francisco Casa Grande",64,"","123.456.789-00","Doutorado","32/13/2000"
"Oliver Cavalcanti",88,"","123.456.789-00","Mestrado",""
"Dr. Mateus Azevedo","","","123.456.789-00","",""
"Maria Sophia Moura","","F","","",""
"Luiza da Luz","","","","Doutorado",""
"Sra. Evelyn Abreu","","","107.589.346-10","",""
"Sr. Anthony Porto","","M","348.602.791-31","","32/13/2000"
"Lucas Gabriel Fernandes",63,"","602.175.398-40","Doutorado",""
"Daniela Pires","","M","785.360.291-02","Ensino Fundamental",""
"Gustavo Henrique Oliveira","","","123.456.789-00","Mestrado",""
"Danilo Viana","","","123.456.789-00","Graduação","1994-11-23"
"Henrique Moura",79,"Outro","","Ensino Fundamental","1999-01-30"
"Daniela Correia","","Outro","","Mestrado","32/13/2000"
"Srta. Natália Gomes","","Outro","","Ensino Fundamental",""
"Vicente Vargas","","M","","Ensino Fundamental","1971-01-16"
"Luiza Vargas","","M","123.456.789-00","","32/13/2000"
"Marcela Novaes",84,"","123.456.789-00","Graduação",""
"Maitê Nogueira",77,"","123.456.789-00","Ensino Médio",""
"Maria Júlia Cavalcanti",68,"","123.456.789-00","Mestrado",""
"Sra. Aylla Marques",67,"F","123.456.789-00","Graduação","1958-05-06"
"Dra. Luísa Viana","","F","","Graduação","32/13/2000"
"João Miguel Vargas",76,"Outro","","Doutorado",""
"Nicole Guerra","","","963.418.572-09","Graduação",""
"Sr. Pedro Viana","","F","","Doutorado","1977-09-03"
"Aylla Macedo","","M","123.456.789-00","Graduação","1941-10-04"
"Henrique Carvalho","","F","","Mestrado","32/13/2000"
"Liam da Rosa","","F","","","32/13/2000"
"Bento Freitas",89,"","","Ensino Médio","32/13/2000"
"Maria Júlia Pires","","","568.374.120-35","",""
"Gabriel Novais","","F","123.456.789-00","",""
"Ryan Ribeiro","","","","",""
"Sophia Lima","","","","Ensino Médio","2001-03-10"
"Srta. Sarah da Mata",90,"F","","Ensino Fundamental",""
"Rafaela Sales","","Outro","123.456.789-00","",""
"Ágatha Pacheco","","","405.983.621-42","Doutorado","1978-07-05"
"Maria da Rocha","","Outro","420.598.671-85","",""
"Ana Júlia Ribeiro",87,"","409.381.572-05","","32/13/2000"
"Lara da Mota",56,"","","Graduação","1983-09-19"
"José Pedro Viana",74,"F","123.456.789-00","",""
"Maria Sophia Vargas",72,"","123.456.789-00","","32/13/2000"
"Julia Sá",44,"","","Doutorado",""
"Maria Julia Melo",86,"Outro","","Graduação",""
"Ana Cecília Brito","","M","123.456.789-00","",""
"Matteo Martins","","F","123.456.789-00","Ensino Médio","32/13/2000"
"Anthony Gabriel Jesus",59,"","","Ensino Médio",""
"Arthur Gabriel Alves","","","910.458.723-50","","1945-02-23"
"Caroline Garcia","","Outro","","Mestrado",""
"Paulo Sales","","M","542.607.918-85","",""
"José Pedro da Luz",63,"","","Ensino Médio",""
"Vitor Hugo Vargas","","Outro","","",""
"Isis Vasconcelos","","","123.456.789-00","Doutorado",""
"Lucas Gonçalves","","M","907.365.824-10","Ensino Fundamental",""
"Rafaela Campos",20,"F","","Mestrado","1983-02-11"
"Manuela Barros",72,"F","","Ensino Médio",""
"Sra. Bianca Pires","","Outro","","Ensino Fundamental",""
"Dra. Isabella Mendonça",39,"","","","32/13/2000"
"Sr. Nathan Campos","","M","387.541.602-35","Ensino Fundamental","32/13/2000"
"Allana Melo",79,"F","123.456.789-00","Doutorado",""
"Rafael Pimenta",19,"Outro","218.034.769-31","",""
"Dr. Luan Campos","","M","123.456.789-00","Mestrado","1949-10-28"
"Diego Sá",31,"Outro","","Graduação","32/13/2000"
"Marcos Vinicius Vasconcelos",66,"F","207.865.143-53","Doutorado","1990-01-14"
"Sra. Carolina Costela","","Outro","123.456.789-00","","32/13/2000"
"Aurora Pires","","","123.456.789-00","Ensino Fundamental","1982-08-24"
"Sofia Câmara",35,"","","Graduação",""
"Emanuel Rios",58,"F","","","1939-04-15"
"Benjamim Nascimento","","","","","1977-10-03"
"Fernanda Souza",56,"","123.456.789-00","",""
"Hellena Barbosa","","M","123.456.789-00","Mestrado",""
"Raul Silveira",32,"","354.126.089-06","Doutorado","1971-07-31"
"Daniel Martins","","F","","",""
"Heloísa Borges","","F","","","1935-05-13"
"Sra. Isadora da Cruz","","M","563.418.097-00","Graduação","32/13/2000"
"Sofia Andrade",23,"","","",""
"Alice Sales","","","632.791.084-03","","32/13/2000"
"Raul Oliveira",53,"Outro","907.316.542-34","Doutorado","32/13/2000"
"Ana Sophia Gomes","","Outro","","Doutorado","1979-01-29"
"Srta. Sophie Rocha","","","123.456.789-00","Ensino Fundamental","32/13/2000"
"Ana Lívia Novais","","M","","Doutorado","1964-01-27"
"Dr. João Felipe Montenegro","","F","640.725.319-52","Ensino Fundamental","32/13/2000"
"Dra. Yasmin da Rocha",19,"","","Doutorado",""
"Cauê Cavalcante","","F","","","1951-05-12"
"Manuella Leão","","","","Doutorado","1989-06-03"
"Manuela Rezende","","","578.324.160-17","Mestrado",""
"Rodrigo Freitas","","M","","","32/13/2000"
"Fernando Cavalcanti",65,"Outro","293.068.174-87","Doutorado","1983-09-14"
"Gustavo Novais","","","058.123.674-26","Ensino Fundamental","1949-12-04"
"Nathan Monteiro",49,"","","Mestrado","32/13/2000"
"Diogo Nunes",40,"","","Ensino Médio",""
"Murilo Pinto","","Outro","","","1971-03-20"
"Antônio Barros",65,"","871.439.560-66","Ensino Médio","32/13/2000"
"Clara Silva",84,"","659.207.413-25","Mestrado",""
"Aurora Cunha","","M","","Ensino Fundamental",""
"Kevin Melo","","","","","32/13/2000"
"Ravi Santos","","","","","32/13/2000"
"Nicole Câmara",87,"F","092.763.851-77","Mestrado","1990-03-01"
"Samuel Sales","","Outro","301.629.857-03","Graduação","1998-10-14"
"Maya da Luz","","Outro","715.496.083-39","Ensino Médio","32/13/2000"
"Liam Martins","","M","123.456.789-00","",""
"João Vitor Moura",29,"F","","",""
"Dr. João Gabriel Rodrigues","","M","519.680.723-30","Doutorado","32/13/2000"
"Maria Sophia Fernandes",68,"","213.846.590-05","Mestrado","32/13/2000"
"Ana Vitória Camargo","","Outro","","",""
"Sra. Ana Souza","","","","Ensino Médio","1961-12-13"
"Bruno Lima",43,"","190.635.742-07","Ensino Médio","1937-11-08"
"Sophie Pastor","","","","Mestrado","1946-07-11"
"Gustavo Pastor","","F","","Graduação",""
"Theodoro Vasconcelos",51,"M","123.456.789-00","",""
"Vitor Gabriel Abreu",23,"Outro","123.456.789-00","Ensino Fundamental","32/13/2000"
"Dr. Otávio Cunha","","","836.027.945-47","",""
"Dr. Asafe Barros",51,"M","","",""
"Maria Luísa da Rocha","","","123.456.789-00","Ensino Fundamental",""
"Maysa Moreira",31,"M","192.364.075-52","Ensino Fundamental","32/13/2000"
"Sr. Lucca Costa",34,"","","","1987-11-11"
"Dr. Nathan Mendonça",51,"M","842.630.917-87","Ensino Médio",""
"Davi Luiz Alves",34,"Outro","109.358.762-86","Ensino Fundamental",""
"Calebe Teixeira",24,"","","",""
"Joana Nogueira",81,"","","Ensino Médio",""
"Melina Marques",45,"Outro","","Mestrado","32/13/2000"
"Mathias Mendonça","","","123.456.789-00","",""
"Maria Flor Pimenta","","","","Ensino Fundamental","1980-11-14"
"Dra. Amanda Teixeira","","F","","Ensino Médio","32/13/2000"
"Isaac Ramos",87,"","","Mestrado",""
"Raul Ribeiro","","","","Mestrado",""
"Sr. Samuel Brito",41,"Outro","123.456.789-00","Ensino Fundamental",""
"Gabriela Monteiro","","","","","32/13/2000"
"Ayla Silva",38,"F","123.456.789-00","Graduação","1980-08-29"
"Kevin Montenegro","","","","","32/13/2000"
"Valentim Cirino",40,"","","",""
"Gabriela Fonseca","","Outro","123.456.789-00","Doutorado","32/13/2000"
"Gabrielly Jesus","","Outro","123.456.789-00","Mestrado","1948-11-05"
"Gael Alves",29,"F","123.456.789-00","Ensino Fundamental",""
"João Gabriel Carvalho","","","123.456.789-00","","32/13/2000"
"Bryan Dias","","F","","Ensino Fundamental","1965-07-07"
"Theodoro Campos","","F","894.301.572-05","",""
"Dra. Isabela Lima","","","321.768.954-28","Graduação",""
"Yasmin Freitas",59,"F","","",""
"Sra. Lorena Almeida",58,"","","Ensino Médio","32/13/2000"
"Maria Cecília Rodrigues","","Outro","123.456.789-00","Ensino Médio","1974-05-05"
"Isaac da Rosa","","M","123.456.789-00","Doutorado",""
"Maria Sophia Farias","","","612.574.089-76","Mestrado","32/13/2000"
"Ana Teixeira","","M","123.456.789-00","Graduação",""
"Sr. Daniel Castro","","M","","Mestrado","1951-07-24"
"Erick Rodrigues",51,"F","954.103.286-98","Graduação",""
"Heloisa Almeida","","M","083.971.256-12","Mestrado",""
"Mariane Peixoto",71,"","","Mestrado",""
"Sabrina Campos","","M","","","32/13/2000"
"Henrique da Paz","","M","362.910.754-07","Graduação","1994-10-08"
"Léo Pacheco","","M","710.382.649-87","Graduação","32/13/2000"
"Sra. Jade Barbosa",66,"M","180.729.346-78","Graduação",""
"Thiago Pinto","","F","","Ensino Médio","1968-10-25"
"Theodoro Monteiro","","F","123.456.789-00","Mestrado",""
"Sr. Davi Lucas Monteiro","","F","456.279.831-91","Ensino Fundamental",""
"Levi Sousa","","F","729.015.638-21","Graduação","1938-04-09"
"Joana Castro",72,"Outro","","Ensino Médio","1995-09-10"
"Brenda Silveira",21,"F","","Ensino Fundamental",""
"Alana Moura","","","","Mestrado",""
"Camila Gonçalves","","","","Ensino Médio",""
"Juliana Peixoto","","F","","Ensino Fundamental",""
"João Miguel Duarte","","Outro","123.456.789-00","",""
"Gustavo Henrique Castro",90,"F","694.581.072-02","Ensino Fundamental",""
"Sra. Caroline Fogaça","","","123.456.789-00","Doutorado","1945-09-01"
"Maria Eduarda Pimenta","","","","Doutorado","32/13/2000"
"Valentina Pires","","M","","","1950-10-13"
"Letícia da Cruz","","","123.456.789-00","Ensino Fundamental",""
"Maria Sophia Brito",40,"F","123.456.789-00","Ensino Médio","1957-10-29"
"Matteo Aparecida",72,"","123.456.789-00","","32/13/2000"
"Heitor Cirino","","M","149.380.576-20","Mestrado",""
"Rhavi Marques","","Outro","","","1950-06-01"
"Anthony Gabriel Correia","","M","","Ensino Médio","32/13/2000"
"Zoe Correia","","","147.935.082-60","Ensino Fundamental","1954-02-18"
"Dra. Melina Mendonça","","Outro","","Graduação",""
"Sr. Cauã Pires","","","","Ensino Fundamental","32/13/2000"
"Sophie Pastor","","F","","Ensino Fundamental",""
"Oliver Melo","","F","175.386.049-01","",""
"Manuella Macedo","","M","","",""
"Maria Cecília Vieira","","","723.850.946-65","","32/13/2000"
"Samuel Brito","","","","Graduação",""
"Sr. Erick Montenegro",29,"","123.456.789-00","",""
"Luigi Viana","","Outro","504.197.823-97","Doutorado","32/13/2000"
"Brenda Caldeira","","","","Ensino Médio","1954-10-06"
"Sra. Melina Teixeira",40,"F","871.952.403-04","Ensino Médio","1960-11-13"
"Maria Vitória Vargas",76,"Outro","123.456.789-00","Graduação",""
"Sra. Maria Cecília Pires","","","326.715.948-28","","1995-10-29"
"Maria Cecília Alves","","","","Ensino Médio",""
"Pedro Henrique Araújo","","Outro","123.456.789-00","",""
"Dra. Luara Ferreira","","M","","Ensino Fundamental","32/13/2000"
"Maria Luiza Vasconcelos",45,"F","123.456.789-00","Graduação",""
"Larissa Cunha",83,"M","","Ensino Médio","32/13/2000"
"Otávio Montenegro",19,"Outro","","",""
"Letícia Oliveira","","Outro","","Graduação","32/13/2000"
"Cecilia Silva","","","","Doutorado","1946-09-23"
"Otávio Jesus","","Outro","","Graduação","1983-08-26"
"Valentina Guerra",79,"Outro","","",""
"Sra. Maria Vitória Castro","","Outro","123.456.789-00","Ensino Médio","32/13/2000"
"Olívia Andrade","","","","","32/13/2000"
"Vicente Cassiano","","","","Graduação",""
"Mariah Aragão","","M","123.456.789-00","Graduação","32/13/2000"
"Oliver Mendes","","","","Doutorado",""
"Melissa Cassiano","","","123.456.789-00","Graduação","1993-09-11"
"Sra. Aurora Cavalcante",78,"Outro","123.456.789-00","",""
"Renan Montenegro",29,"Outro","123.456.789-00","",""
"Luna Guerra","","Outro","","Doutorado",""
"Luiza Garcia",77,"","418.097.263-87","","1968-03-03"
"Eduardo das Neves",78,"","620.481.753-17","",""
"Beatriz Dias","","","265.930.478-56","","32/13/2000"
"Sophia Sá",35,"Outro","","Doutorado",""
"Ana Jesus","","F","304.768.125-26","Mestrado",""
"Maria Luísa Machado","","M","183.692.507-77","Mestrado",""
"Alexandre Martins",44,"","123.456.789-00","Mestrado","1985-02-16"
"Sr. Thomas da Paz","","","","Mestrado",""
"Thiago Dias","","M","547.216.809-02","Doutorado","32/13/2000"
"Davi Luiz Ramos",65,"Outro","123.456.789-00","Ensino Fundamental","1986-11-06"
"Anna Liz Viana",49,"Outro","","Ensino Médio","1982-02-09"
"Emanuelly Vargas","","","","Ensino Médio","1971-08-27"
"Maria Alice Correia","","Outro","","",""
"Gael Henrique Porto","","F","","Mestrado",""
"Davi Lucas Souza",42,"","124.796.803-04","Ensino Médio","32/13/2000"
"Isis Rodrigues",34,"M","123.456.789-00","Ensino Fundamental",""
"Valentim Martins","","Outro","750.819.263-02","Doutorado","1976-06-06"
"Matteo Correia","","M","510.983.742-23","","1955-10-11"
"Dr. Benício Pires","","","107.384.295-97","Doutorado",""
"Isabella Fernandes","","F","123.456.789-00","","1950-05-19"
"Bento Andrade","","M","","Doutorado","32/13/2000"
"Cauã Rocha",71,"","089.235.761-40","Graduação","1965-02-12"
"Alexia Marques","","F","123.456.789-00","",""
"Luísa Pastor",84,"Outro","","Graduação","32/13/2000"
"Luiz Gustavo Leão","","","123.456.789-00","",""
"Maria Alice das Neves",60,"M","982.137.465-46","","1934-06-28"
"Clara Araújo","","","123.456.789-00","Ensino Fundamental","1942-09-13"
"Sr. Renan Sales","","F","","Graduação",""
"Thales Câmara",77,"M","123.456.789-00","","1984-07-20"
"Murilo Cirino","","Outro","","","1993-04-30"
"Luiz Miguel Aparecida",30,"M","123.456.789-00","","32/13/2000"
"Isabelly Cavalcanti","","","","","1984-12-17"
"Brenda Fernandes","","F","347.125.689-09","Mestrado",""
"Diego Cardoso","","","","",""
"Esther Nascimento",39,"F","425.108.693-70","","32/13/2000"
"Srta. Olivia Vieira","","","","",""
"Dr. Vinicius Sales","","","","Doutorado","1961-01-07"
"Isabela Gonçalves","","","346.981.250-06","Mestrado",""
"Juan Macedo",23,"Outro","","Ensino Fundamental","32/13/2000"
"Maria Luísa Freitas","","","754.301.689-39","Mestrado","32/13/2000"
"Sr. Juan Montenegro","","","123.456.789-00","","1982-06-02"
"Yago Costa","","F","","",""
"Kaique da Paz",39,"","","Ensino Médio",""
"Ian Silveira",53,"","123.456.789-00","Doutorado",""
"Levi Correia",69,"M","","Mestrado",""
"Anthony Monteiro","","","","Ensino Fundamental",""
"Eduardo Farias",20,"","","Ensino Fundamental","1948-03-05"
"Dr. Kevin Borges","","","","Doutorado","32/13/2000"
"Matheus da Paz","","Outro","394.570.861-39","","32/13/2000"
"Enzo Gabriel Duarte","","","","",""
"Davi Lucca Costela",75,"M","123.456.789-00","Ensino Fundamental",""
"Dra. Natália da Mota","","Outro","","","2000-03-17"
"Nicole Oliveira",23,"","123.456.789-00","",""
"Felipe Pinto","","","123.456.789-00","Ensino Médio","1966-01-05"
"João Guilherme Pires",68,"","123.456.789-00","",""
"Cauã Montenegro","","M","567.128.043-53","",""
"Nicole Garcia","","","123.456.789-00","Mestrado","1977-11-28"
"Nicole Mendonça","","M","","",""
"Enzo Gabriel Almeida",83,"","123.456.789-00","","32/13/2000"
"Júlia Cassiano","","","","Doutorado",""
"Bella Gomes","","F","","Mestrado",""
"Guilherme Borges","","F","123.456.789-00","Mestrado",""
"Srta. Ana Clara Leão","","","123.456.789-00","Ensino Médio","32/13/2000"
"Igor Cunha","","Outro","123.456.789-00","","32/13/2000"
"Hellena Azevedo","","Outro","450.713.298-32","",""
"Dra. Eloá da Cunha","","","","",""
"Lucas Gabriel Almeida",72,"","976.451.032-99","Ensino Fundamental",""
"Isaac Sousa",36,"M","123.456.789-00","Graduação","32/13/2000"
"Gabrielly Ramos","","Outro","123.456.789-00","","2004-04-12"
"Laura Sá",55,"","035.217.968-68","Graduação",""
"Maria Helena Moreira","","","123.456.789-00","",""
"Cecília Costela","","Outro","219.468.570-76","Mestrado",""
"Sra. Luana Cavalcante","","Outro","396.147.258-00","Ensino Fundamental",""
"Rodrigo Barros","","","123.456.789-00","",""
"Alícia Teixeira","","","123.456.789-00","","32/13/2000"
"Nicole das Neves","","F","746.893.015-57","Ensino Médio","32/13/2000"
"Eduardo Correia",83,"","095.367.421-52","Mestrado",""
"Lorena Ramos","","F","123.456.789-00","Doutorado",""
"Sra. Sophia Santos","","","123.456.789-00","Ensino Fundamental","32/13/2000"
"Sr. Diogo da Luz","","M","","Mestrado",""
"Maria Isis Gonçalves","","Outro","123.456.789-00","Ensino Médio","2001-07-12"
"Maria Helena Pastor",82,"","","Ensino Fundamental",""
"Sra. Lorena Abreu",46,"Outro","","Graduação",""
"Felipe Freitas","","","","Doutorado","1958-08-28"
"Bento Souza","","Outro","","Ensino Médio","32/13/2000"
"Bryan Garcia","","Outro","","","1947-02-10"
"Bento da Mata","","","","Ensino Fundamental",""
"Maitê Pereira","","","","Ensino Fundamental",""
"Ana Laura Fogaça","","","510.396.872-02","Ensino Fundamental","32/13/2000"
"Josué Freitas","","M","796.510.248-01","Ensino Médio","32/13/2000"
"Sra. Melina da Conceição",72,"F","","","1947-01-23"
"Sra. Laís Pereira",37,"","","Ensino Fundamental","1956-04-05"
"Bruna Mendes",27,"F","","Doutorado","1955-03-14"
"Dr. João Lucas Câmara","","","","Mestrado",""
"Ana Luiza Ramos","","M","","","1968-08-26"
"João Vitor Borges",86,"","195.748.026-20","","1950-09-24"
"Dr. Alexandre das Neves","","","083.675.219-86","Graduação",""
"Hellena Caldeira","","","","Mestrado","1953-06-15"
"Larissa Casa Grande",78,"","123.456.789-00","Ensino Médio",""
"Lavínia Santos","","F","","",""
"Maria Júlia da Rosa","","","123.456.789-00","Ensino Fundamental","1943-03-02"
"Larissa da Paz","","","","Doutorado","1995-08-30"
"Elisa Oliveira",57,"Outro","123.456.789-00","Mestrado","32/13/2000"
"Sr. Diogo Garcia",38,"F","","Ensino Médio","2003-07-17"
"Maitê Pastor","","","629.105.738-77","",""
"Dra. Emanuella Rezende",88,"Outro","617.953.248-64","Graduação","1983-05-20"
"Dante Camargo","","","","Graduação",""
"Dra. Aylla Vieira","","F","926.357.840-00","Graduação","1946-12-04"
"Sr. Vitor Gabriel Cirino","","","","Graduação",""
"Bárbara Cirino","","","","",""
"Elisa Borges",72,"M","","Ensino Médio","32/13/2000"
"Agatha da Cruz","","Outro","123.456.789-00","",""
"Maria Pereira","","","","",""
"Henrique Carvalho","","M","123.456.789-00","","1943-07-06"
"Jade da Luz",53,"","123.456.789-00","Graduação","2006-04-29"
"Brayan Pires",27,"","435.976.180-57","",""
"Maria Helena Alves",45,"","","Doutorado",""
"Sr. Luiz Miguel Farias","","","123.456.789-00","",""
"Erick Moura","","","471.926.538-37","Mestrado",""
"Enzo Gabriel Dias",82,"F","123.456.789-00","","32/13/2000"
"Théo Silva",75,"F","123.456.789-00","",""
"Mariah Santos",63,"F","","Ensino Médio","2004-03-29"
"Srta. Lorena Porto","","F","146.720.835-35","","32/13/2000"
"Benjamin Barros","","","","Mestrado","2003-06-26"
"Yasmin Sampaio","","Outro","160.497.325-07","",""
"Dra. Vitória Rodrigues","","","123.456.789-00","Mestrado",""
"Théo Fogaça","","M","","Mestrado","32/13/2000"
"Kaique Mendes","","Outro","","Mestrado",""
"Ravi Pinto","","F","","Ensino Médio","32/13/2000"
"Luiz Fernando Silveira","","Outro","123.456.789-00","Ensino Médio","32/13/2000"
"Daniela Jesus","","","170.952.634-34","","32/13/2000"
"Luiz Otávio Lima","","M","","",""
"Luiz Henrique Santos",79,"","123.456.789-00","",""
"Gael Henrique Mendes",20,"M","123.456.789-00","Doutorado","32/13/2000"
"Dra. Maria Julia Cardoso","","","190.862.743-31","Doutorado","32/13/2000"
"Manuela Lima",25,"Outro","123.456.789-00","Doutorado",""
"Daniela Siqueira","","M","","Ensino Fundamental","32/13/2000"
"Bella Sampaio","","","","Ensino Médio","32/13/2000"
"João Guilherme Correia","","F","123.456.789-00","Doutorado",""
"Igor Câmara","","Outro","","Doutorado","1970-01-13"
"Dr. Luiz Fernando Silva","","","123.456.789-00","Ensino Fundamental","1962-03-29"
"Ravy da Mota","","","","","32/13/2000"
"Anthony Gabriel Rodrigues",30,"","825.976.401-67","","1961-12-22"
"Maria Isis Borges","","F","129.047.583-05","",""
"Yago Pinto","","Outro","547.618.902-58","",""
"Isis Teixeira","","","","Doutorado","1990-06-01"
"Sarah Vieira",72,"Outro","","","32/13/2000"
"Sra. Sabrina Rodrigues","","","","Graduação","32/13/2000"
"Júlia Costela","","M","209.416.875-11","Doutorado","2001-12-16"
"Dra. Valentina da Luz","","F","","Mestrado",""
"Isabela da Rocha",31,"","","Graduação",""
"Manuella Pires","","","","",""
"Laís Duarte","","","","Ensino Médio",""
"Dra. Maria Helena Rezende","","","","Graduação",""
"Pietro da Conceição","","F","652.309.148-15","","32/13/2000"
"Samuel Siqueira","","F","240.915.367-43","Ensino Médio",""
"Brayan Lima","","","376.054.128-35","Ensino Médio",""
"Maria Isis Almeida",18,"F","","Doutorado",""
"Vitor Hugo Sousa",29,"Outro","123.456.789-00","Graduação","1978-07-17"
"Daniela da Cruz","","","","Doutorado",""
"Thomas Leão",25,"","","Ensino Fundamental","32/13/2000"
"Matheus Rodrigues","","F","172.096.854-30","","32/13/2000"
"Luiz Miguel Barros","","M","","Ensino Médio","1953-11-01"
"Liz Pinto",38,"Outro","","Graduação",""
"Diogo Dias","","F","267.530.491-34","","1971-04-17"
"Caleb Duarte","","Outro","","Graduação",""
"Joaquim Gomes","","F","","Mestrado","1990-10-20"
"Hellena Sampaio",51,"","135.096.287-21","Doutorado","1951-07-28"
"Bento Ferreira","","Outro","524.317.608-71","",""
"Davi Miguel Campos","","Outro","","Mestrado",""
"Eduarda Alves","","","","Doutorado","1953-10-07"
"Ravy Souza",79,"Outro","284.369.570-83","Mestrado","32/13/2000"
"Eduardo Araújo","","","","Doutorado","2001-09-11"
"Ian Lima",51,"Outro","241.837.650-80","Mestrado",""
"Ester Souza","","F","","Graduação",""
"Mariana Correia","","Outro","123.456.789-00","","32/13/2000"
"Vitor Hugo Caldeira","","F","123.456.789-00","","32/13/2000"
"Bryan Nunes",51,"F","123.456.789-00","","32/13/2000"
"Miguel Montenegro",63,"M","356.821.047-90","Ensino Fundamental",""
"Theodoro Vasconcelos","","M","","Graduação",""
"Caleb Silva","","Outro","","Ensino Médio",""
"Luiz Miguel Pinto",68,"","123.456.789-00","Ensino Fundamental",""
"Diego Vargas","","M","","Mestrado","32/13/2000"
"João Lucas Oliveira",76,"","","Graduação","1993-07-21"
"Cecilia Campos","","F","","Doutorado","1993-05-21"
"Dr. Marcelo Barros","","","","Ensino Médio",""
"Cauã da Rocha","","","","Graduação","32/13/2000"
"Nina Ramos","","F","","",""
"Sr. Liam Fernandes","","Outro","","Ensino Médio","32/13/2000"
"Daniela Melo",47,"Outro","123.456.789-00","Doutorado",""
"Hadassa Aragão",66,"F","123.456.789-00","Mestrado","1970-09-01"
"Anna Liz da Rosa","","","123.456.789-00","",""
"Enzo Costa","","Outro","567.341.892-28","Mestrado","1934-09-28"
"Fernanda Barbosa",38,"F","","Mestrado","1953-06-18"
"Luiza Camargo","","Outro","","Graduação",""
"Ísis Vasconcelos","","Outro","","Ensino Fundamental",""
"Leandro Montenegro","","","123.456.789-00","Doutorado","32/13/2000"
"Sr. Felipe Marques","","Outro","","",""
"Larissa Sampaio","","","","Mestrado","32/13/2000"
"Ísis Brito","","Outro","","",""
"Gael Henrique Melo",27,"F","","Ensino Médio",""
"João Felipe Ribeiro","","Outro","","Doutorado",""
"Marcelo Moreira","","Outro","","Mestrado","32/13/2000"
"Maria Júlia Aragão",41,"F","123.456.789-00","",""
"Carlos Eduardo Santos",28,"F","","Ensino Fundamental","1977-04-08"
"Caleb Borges","","","069.541.723-16","Ensino Fundamental",""
"Davi Lucca Marques",85,"M","","Doutorado","32/13/2000"
"Benjamim da Mota","","","","Ensino Médio","32/13/2000"
"João Miguel da Luz","","F","123.456.789-00","Doutorado","32/13/2000"
"Ana Sophia Mendonça",21,"Outro","","",""
"Arthur Gabriel Campos","","Outro","","Ensino Médio","32/13/2000"
"Arthur Nascimento","","","","Doutorado",""
"Bryan Siqueira","","","123.456.789-00","","1996-12-14"
"Sra. Maya Moraes","","Outro","","Graduação","32/13/2000"
"Ryan Lopes",56,"M","123.456.789-00","Graduação",""
"Luiz Gustavo Freitas","","M","","",""
"Danilo Cirino",56,"","","Doutorado","32/13/2000"
"Levi Campos","","Outro","123.456.789-00","Mestrado",""
"Ana Luiza Gomes",68,"F","","",""
"Dr. Gael Henrique Costa","","M","","","32/13/2000"
"Lunna Pastor","","Outro","","",""
"Ana Carolina Nascimento",70,"M","123.456.789-00","Ensino Médio",""
"Liam Sá","","","","Graduação",""
"Camila Freitas","","M","123.456.789-00","Ensino Fundamental","1992-09-07"
"Enzo Gabriel Borges",41,"Outro","","Ensino Médio",""
"João Farias",19,"M","123.456.789-00","Ensino Fundamental",""
"Noah Porto","","","","",""
"João Vargas","","M","","Ensino Fundamental","32/13/2000"
"Anthony Gabriel Rios","","","376.190.248-40","Doutorado",""
"Sra. Daniela Montenegro",41,"Outro","","","1942-09-25"
"Otávio Cavalcante","","F","","",""
"Arthur Melo","","M","123.456.789-00","Mestrado","1962-04-02"
"Miguel Montenegro","","F","","Mestrado",""
"Sra. Evelyn da Rocha",59,"M","362.478.951-19","Graduação",""
"Ana Julia Ramos",56,"Outro","319.065.247-34","","32/13/2000"
"João Guilherme Câmara",32,"","","Ensino Fundamental","32/13/2000"
"Luiz Felipe Porto","","M","","","32/13/2000"
"Levi Rodrigues",19,"","","","32/13/2000"
"Sr. Felipe da Luz",65,"F","123.456.789-00","Mestrado","1997-09-15"
"Augusto Almeida","","M","943.861.502-42","Graduação","32/13/2000"
"Sra. Milena Mendonça",86,"F","","Ensino Médio",""
"Lucas Gabriel Moreira","","Outro","","","32/13/2000"
"Cecília Fogaça","","","","","32/13/2000"
"Bianca da Mota",50,"","","Doutorado",""
"Gabriel Aparecida","","","123.456.789-00","Doutorado","32/13/2000"
"Anthony Monteiro","","Outro","","Graduação","32/13/2000"
"Juan Albuquerque","","F","","Graduação",""
"Maria Ribeiro","","","094.125.683-98","",""
"Srta. Marina Pacheco",41,"","","","32/13/2000"
"Beatriz da Luz","","M","","Ensino Médio",""
"Oliver Novaes",88,"","","Graduação",""
"Aylla Carvalho",59,"M","875.492.316-64","Ensino Fundamental","32/13/2000"
"Maria Sophia Martins",40,"F","089.637.125-59","Mestrado","32/13/2000"
"Sophie Freitas",30,"","","",""
"Natália Aragão","","","","Ensino Fundamental",""
"Rafaela Sales","","M","501.946.823-15","Ensino Médio",""
"Thales Carvalho","","M","","Doutorado",""
"Alexandre Cassiano","","M","","Doutorado","1986-07-26"
"Davi da Rosa","","M","123.456.789-00","Doutorado","1950-02-27"
"Clara Porto","","F","","Ensino Médio","32/13/2000"
"Lavínia da Rocha","","F","123.456.789-00","Doutorado",""
"Mariana Casa Grande","","","","",""
"Melina Aparecida",72,"F","123.456.789-00","Doutorado",""
"Giovanna Ferreira","","F","","Graduação",""
"Srta. Lara Viana","","Outro","","",""
"Valentina da Luz","","F","123.456.789-00","Mestrado",""
"Calebe Rios","","","","Ensino Fundamental","1990-07-24"
"Bento Pimenta","","M","123.456.789-00","Graduação","1957-01-29"
"Sr. Rael Garcia",56,"F","","Ensino Fundamental",""
"Enrico Lopes","","","123.456.789-00","Ensino Fundamental","1934-02-07"
"Dr. Yago Barbosa","","F","123.456.789-00","Graduação",""
"Cecilia Azevedo",49,"Outro","","Ensino Fundamental",""
"Theo da Conceição",90,"M","","",""
"João Pedro Barbosa","","","834.970.521-32","Doutorado",""
"Ana Andrade","","","","Ensino Fundamental","1941-11-15"
"Thales Barbosa","","","","","1951-01-04"
"Asafe Caldeira","","","073.528.419-97","",""
"Apollo Vasconcelos","","","386.570.941-93","Graduação","32/13/2000"
"Srta. Marina Sampaio","","F","123.456.789-00","Ensino Fundamental",""
"Ana Laura da Costa","","","310.894.752-41","Ensino Médio",""
"Benjamin Cardoso","","F","123.456.789-00","Graduação","1987-07-14"
"Camila Ribeiro","","M","","Graduação","1974-08-04"
"Dr. Joaquim Moura","","","123.456.789-00","","32/13/2000"
"Vicente da Conceição","","F","","Mestrado","32/13/2000"
"Antônio Monteiro","","","123.456.789-00","Ensino Médio","1985-08-23"
"Allana Garcia","","Outro","670.193.524-99","Ensino Fundamental",""
"Leandro Andrade","","Outro","123.456.789-00","Graduação",""
"Ana Laura Caldeira","","F","","Doutorado",""
"Nina Souza","","M","123.456.789-00","Ensino Médio",""
"Maria Laura Andrade","","M","945.276.031-16","","1977-01-28"
"Felipe Macedo","","F","","Ensino Fundamental",""
"Bruno da Mota","","","","Ensino Fundamental",""
"Ian Pires","","","123.456.789-00","Ensino Médio",""
"Yuri Silva","","","123.456.789-00","","1980-12-27"
"Breno Montenegro","","","718.962.435-09","Graduação","32/13/2000"
"Mariane da Paz","","F","","Ensino Fundamental",""
"Arthur Castro",19,"","","",""
"Sophia Viana",31,"Outro","","Ensino Médio",""
"Theodoro Oliveira","","M","","Mestrado","1976-07-11"
"Gael Oliveira",41,"","","Doutorado","1966-03-13"
"Maria Luísa Fonseca",23,"","","Graduação",""
"Carolina Nascimento","","F","362.475.810-17","Graduação",""
"Mariah Montenegro","","Outro","123.456.789-00","Doutorado",""
"Olivia Souza","","Outro","","","2003-06-20"
"Maria Julia Lima","","F","123.456.789-00","Graduação",""
"Bianca Silveira",35,"","123.456.789-00","Mestrado","32/13/2000"
"Srta. Sophia Barros","","Outro","","Mestrado","32/13/2000"
"Lara Vargas","","F","123.456.789-00","","32/13/2000"
"Sr. Diego Aparecida","","","123.456.789-00","Mestrado","32/13/2000"
"João Pedro da Mota",90,"Outro","793.125.086-95","Doutorado","1952-07-31"
"Gustavo Novaes","","F","820.476.153-80","",""
"Sr. João Miguel Oliveira","","Outro","","",""
"Sabrina da Luz",37,"M","123.456.789-00","Ensino Médio","1943-07-05"
"Sr. Thiago Farias","","","123.456.789-00","Doutorado","32/13/2000"
"Sr. Arthur Miguel Porto","","M","","Ensino Fundamental",""
"Ester Siqueira","","","","",""
"Giovanna Santos","","","","Ensino Médio","32/13/2000"
"Vitória Ribeiro",42,"M","","","1981-12-29"
"Rafaela da Rocha","","F","123.456.789-00","","32/13/2000"
"Felipe Martins",26,"","","",""
"João Vitor da Mata",76,"","","","1989-05-11"
"Melina Lima","","Outro","","Doutorado","1975-05-19"
"Maria Luísa Câmara",84,"","","","1936-04-06"
"Ayla Vasconcelos","","","","","1954-10-04"
"Maria Laura Silva","","","342.769.150-07","Ensino Médio",""
"Antônio Sá","","Outro","","Mestrado","32/13/2000"
"Josué Andrade","","","416.538.207-80","","32/13/2000"
"Maria Vitória Almeida","","","082.954.361-98","","1977-06-13"
"Sophie Souza","","","123.456.789-00","Mestrado",""
"Paulo Borges","","M","123.456.789-00","Mestrado","32/13/2000"
"Sra. Maria Fernanda Teixeira",76,"Outro","","","32/13/2000"
"Bianca Ramos",33,"M","","",""
"Isadora Barros","","","123.456.789-00","Mestrado",""
"Luana Sousa",23,"Outro","123.456.789-00","Ensino Médio","32/13/2000"
"Rebeca Nogueira","","M","","Graduação",""
